<?xml version="1.0"?>
<!--<!DOCTYPE metadata SYSTEM "http://www.esri.com/metadata/esriprof80.dtd">-->
<metadata xml:lang="de"><Esri><MetaID>{A93B1EC5-81D3-400F-902C-82B7091A99A9}</MetaID><CreaDate>20060221</CreaDate><CreaTime>09071500</CreaTime><SyncOnce>FALSE</SyncOnce><DataProperties><lineage><Process Name="Merge_5" ToolSource="D:\ArcGIS\ArcToolbox\Toolboxes\Data Management Tools.tbx\Merge" Date="20060221" Time="090715">Merge D:\Vinnemann.C\KOR1000\KOR1000.mdb\KOR1000\Punkte_KOR1000_BB;D:\Vinnemann.C\KOR1000\KOR1000.mdb\KOR1000\Punkte_KOR1000_BW;D:\Vinnemann.C\KOR1000\KOR1000.mdb\KOR1000\Punkte_KOR1000_BY;D:\Vinnemann.C\KOR1000\KOR1000.mdb\KOR1000\Punkte_KOR1000_HS;D:\Vinnemann.C\KOR1000\KOR1000.mdb\KOR1000\Punkte_KOR1000_LSA;D:\Vinnemann.C\KOR1000\KOR1000.mdb\KOR1000\Punkte_KOR1000_SH;D:\Vinnemann.C\KOR1000\KOR1000.mdb\KOR1000\Punkte_KOR1000_SL;D:\Vinnemann.C\KOR1000\KOR1000.mdb\KOR1000\Punkte_KOR1000_SN;D:\Vinnemann.C\KOR1000\KOR1000.mdb\KOR1000\Punkte_KOR1000_TH D:\Vinnemann.C\KOR1000\KOR1000.mdb\KOR1000\KOR1000_Punkte "BUNDESLAND BUNDESLAND true true false 4 Long 0 0 ,First,#,D:\Vinnemann.C\KOR1000\KOR1000.mdb\KOR1000\Punkte_KOR1000_BB,BUNDESLAND,-1,-1,D:\Vinnemann.C\KOR1000\KOR1000.mdb\KOR1000\Punkte_KOR1000_BW,BUNDESLAND,-1,-1,D:\Vinnemann.C\KOR1000\KOR1000.mdb\KOR1000\Punkte_KOR1000_BY,BUNDESLAND,-1,-1,D:\Vinnemann.C\KOR1000\KOR1000.mdb\KOR1000\Punkte_KOR1000_HS,BUNDESLAND,-1,-1,D:\Vinnemann.C\KOR1000\KOR1000.mdb\KOR1000\Punkte_KOR1000_LSA,BUNDESLAND,-1,-1,D:\Vinnemann.C\KOR1000\KOR1000.mdb\KOR1000\Punkte_KOR1000_SH,BUNDESLAND,-1,-1,D:\Vinnemann.C\KOR1000\KOR1000.mdb\KOR1000\Punkte_KOR1000_SL,BUNDESLAND,-1,-1,D:\Vinnemann.C\KOR1000\KOR1000.mdb\KOR1000\Punkte_KOR1000_SN,BUNDESLAND,-1,-1,D:\Vinnemann.C\KOR1000\KOR1000.mdb\KOR1000\Punkte_KOR1000_TH,BUNDESLAND,-1,-1;LEGENDE LEGENDE true true false 4 Long 0 0 ,First,#,D:\Vinnemann.C\KOR1000\KOR1000.mdb\KOR1000\Punkte_KOR1000_BB,LEGENDE,-1,-1,D:\Vinnemann.C\KOR1000\KOR1000.mdb\KOR1000\Punkte_KOR1000_BW,LEGENDE,-1,-1,D:\Vinnemann.C\KOR1000\KOR1000.mdb\KOR1000\Punkte_KOR1000_BY,LEGENDE,-1,-1,D:\Vinnemann.C\KOR1000\KOR1000.mdb\KOR1000\Punkte_KOR1000_HS,LEGENDE,-1,-1,D:\Vinnemann.C\KOR1000\KOR1000.mdb\KOR1000\Punkte_KOR1000_LSA,LEGENDE,-1,-1,D:\Vinnemann.C\KOR1000\KOR1000.mdb\KOR1000\Punkte_KOR1000_SH,LEGENDE,-1,-1,D:\Vinnemann.C\KOR1000\KOR1000.mdb\KOR1000\Punkte_KOR1000_SL,LEGENDE,-1,-1,D:\Vinnemann.C\KOR1000\KOR1000.mdb\KOR1000\Punkte_KOR1000_SN,LEGENDE,-1,-1,D:\Vinnemann.C\KOR1000\KOR1000.mdb\KOR1000\Punkte_KOR1000_TH,LEGENDE,-1,-1;ROHSTOFF ROHSTOFF true true false 100 Text 0 0 ,First,#,D:\Vinnemann.C\KOR1000\KOR1000.mdb\KOR1000\Punkte_KOR1000_BB,ROHSTOFF,-1,-1,D:\Vinnemann.C\KOR1000\KOR1000.mdb\KOR1000\Punkte_KOR1000_BW,ROHSTOFF,-1,-1,D:\Vinnemann.C\KOR1000\KOR1000.mdb\KOR1000\Punkte_KOR1000_BY,ROHSTOFF,-1,-1,D:\Vinnemann.C\KOR1000\KOR1000.mdb\KOR1000\Punkte_KOR1000_HS,ROHSTOFF,-1,-1,D:\Vinnemann.C\KOR1000\KOR1000.mdb\KOR1000\Punkte_KOR1000_LSA,ROHSTOFF,-1,-1,D:\Vinnemann.C\KOR1000\KOR1000.mdb\KOR1000\Punkte_KOR1000_SH,ROHSTOFF,-1,-1,D:\Vinnemann.C\KOR1000\KOR1000.mdb\KOR1000\Punkte_KOR1000_SL,ROHSTOFF,-1,-1,D:\Vinnemann.C\KOR1000\KOR1000.mdb\KOR1000\Punkte_KOR1000_SN,ROHSTOFF,-1,-1,D:\Vinnemann.C\KOR1000\KOR1000.mdb\KOR1000\Punkte_KOR1000_TH,ROHSTOFF,-1,-1;QUELLE QUELLE true true false 100 Text 0 0 ,First,#,D:\Vinnemann.C\KOR1000\KOR1000.mdb\KOR1000\Punkte_KOR1000_BB,QUELLE,-1,-1,D:\Vinnemann.C\KOR1000\KOR1000.mdb\KOR1000\Punkte_KOR1000_BW,QUELLE,-1,-1,D:\Vinnemann.C\KOR1000\KOR1000.mdb\KOR1000\Punkte_KOR1000_BY,QUELLE,-1,-1,D:\Vinnemann.C\KOR1000\KOR1000.mdb\KOR1000\Punkte_KOR1000_HS,QUELLE,-1,-1,D:\Vinnemann.C\KOR1000\KOR1000.mdb\KOR1000\Punkte_KOR1000_LSA,QUELLE,-1,-1,D:\Vinnemann.C\KOR1000\KOR1000.mdb\KOR1000\Punkte_KOR1000_SH,QUELLE,-1,-1,D:\Vinnemann.C\KOR1000\KOR1000.mdb\KOR1000\Punkte_KOR1000_SL,QUELLE,-1,-1,D:\Vinnemann.C\KOR1000\KOR1000.mdb\KOR1000\Punkte_KOR1000_SN,QUELLE,-1,-1,D:\Vinnemann.C\KOR1000\KOR1000.mdb\KOR1000\Punkte_KOR1000_TH,QUELLE,-1,-1;KE KE true true false 4 Long 0 0 ,First,#,D:\Vinnemann.C\KOR1000\KOR1000.mdb\KOR1000\Punkte_KOR1000_BB,KE,-1,-1,D:\Vinnemann.C\KOR1000\KOR1000.mdb\KOR1000\Punkte_KOR1000_BW,KE,-1,-1,D:\Vinnemann.C\KOR1000\KOR1000.mdb\KOR1000\Punkte_KOR1000_BY,KE,-1,-1,D:\Vinnemann.C\KOR1000\KOR1000.mdb\KOR1000\Punkte_KOR1000_HS,KE,-1,-1,D:\Vinnemann.C\KOR1000\KOR1000.mdb\KOR1000\Punkte_KOR1000_LSA,KE,-1,-1,D:\Vinnemann.C\KOR1000\KOR1000.mdb\KOR1000\Punkte_KOR1000_SH,KE,-1,-1,D:\Vinnemann.C\KOR1000\KOR1000.mdb\KOR1000\Punkte_KOR1000_SL,KE,-1,-1,D:\Vinnemann.C\KOR1000\KOR1000.mdb\KOR1000\Punkte_KOR1000_SN,KE,-1,-1,D:\Vinnemann.C\KOR1000\KOR1000.mdb\KOR1000\Punkte_KOR1000_TH,KE,-1,-1;KE_NAME KE_NAME true true false 100 Text 0 0 ,First,#,D:\Vinnemann.C\KOR1000\KOR1000.mdb\KOR1000\Punkte_KOR1000_BB,KE_NAME,-1,-1,D:\Vinnemann.C\KOR1000\KOR1000.mdb\KOR1000\Punkte_KOR1000_BW,KE_NAME,-1,-1,D:\Vinnemann.C\KOR1000\KOR1000.mdb\KOR1000\Punkte_KOR1000_BY,KE_NAME,-1,-1,D:\Vinnemann.C\KOR1000\KOR1000.mdb\KOR1000\Punkte_KOR1000_HS,KE_NAME,-1,-1,D:\Vinnemann.C\KOR1000\KOR1000.mdb\KOR1000\Punkte_KOR1000_LSA,KE_NAME,-1,-1,D:\Vinnemann.C\KOR1000\KOR1000.mdb\KOR1000\Punkte_KOR1000_SH,KE_NAME,-1,-1,D:\Vinnemann.C\KOR1000\KOR1000.mdb\KOR1000\Punkte_KOR1000_SL,KE_NAME,-1,-1,D:\Vinnemann.C\KOR1000\KOR1000.mdb\KOR1000\Punkte_KOR1000_SN,KE_NAME,-1,-1,D:\Vinnemann.C\KOR1000\KOR1000.mdb\KOR1000\Punkte_KOR1000_TH,KE_NAME,-1,-1;GRUPPE_ALT GRUPPE_ALT true true false 100 Text 0 0 ,First,#,D:\Vinnemann.C\KOR1000\KOR1000.mdb\KOR1000\Punkte_KOR1000_BB,GRUPPE_ALT,-1,-1,D:\Vinnemann.C\KOR1000\KOR1000.mdb\KOR1000\Punkte_KOR1000_BW,GRUPPE_ALT,-1,-1,D:\Vinnemann.C\KOR1000\KOR1000.mdb\KOR1000\Punkte_KOR1000_BY,GRUPPE_ALT,-1,-1,D:\Vinnemann.C\KOR1000\KOR1000.mdb\KOR1000\Punkte_KOR1000_HS,GRUPPE_ALT,-1,-1,D:\Vinnemann.C\KOR1000\KOR1000.mdb\KOR1000\Punkte_KOR1000_LSA,GRUPPE_ALT,-1,-1,D:\Vinnemann.C\KOR1000\KOR1000.mdb\KOR1000\Punkte_KOR1000_SH,GRUPPE_ALT,-1,-1,D:\Vinnemann.C\KOR1000\KOR1000.mdb\KOR1000\Punkte_KOR1000_SL,GRUPPE_ALT,-1,-1,D:\Vinnemann.C\KOR1000\KOR1000.mdb\KOR1000\Punkte_KOR1000_SN,GRUPPE_ALT,-1,-1,D:\Vinnemann.C\KOR1000\KOR1000.mdb\KOR1000\Punkte_KOR1000_TH,GRUPPE_ALT,-1,-1;BETRIEB_NAME BETRIEB_NAME true true false 100 Text 0 0 ,First,#,D:\Vinnemann.C\KOR1000\KOR1000.mdb\KOR1000\Punkte_KOR1000_BB,BETRIEB_NAME,-1,-1,D:\Vinnemann.C\KOR1000\KOR1000.mdb\KOR1000\Punkte_KOR1000_BW,BETRIEB_NAME,-1,-1,D:\Vinnemann.C\KOR1000\KOR1000.mdb\KOR1000\Punkte_KOR1000_BY,BETRIEB_NAME,-1,-1,D:\Vinnemann.C\KOR1000\KOR1000.mdb\KOR1000\Punkte_KOR1000_HS,BETRIEB_NAME,-1,-1,D:\Vinnemann.C\KOR1000\KOR1000.mdb\KOR1000\Punkte_KOR1000_LSA,BETRIEB_NAME,-1,-1,D:\Vinnemann.C\KOR1000\KOR1000.mdb\KOR1000\Punkte_KOR1000_SH,BETRIEB_NAME,-1,-1,D:\Vinnemann.C\KOR1000\KOR1000.mdb\KOR1000\Punkte_KOR1000_SL,BETRIEB_NAME,-1,-1,D:\Vinnemann.C\KOR1000\KOR1000.mdb\KOR1000\Punkte_KOR1000_SN,BETRIEB_NAME,-1,-1,D:\Vinnemann.C\KOR1000\KOR1000.mdb\KOR1000\Punkte_KOR1000_TH,BETRIEB_NAME,-1,-1;BETRIEB_NR BETRIEB_NR true true false 20 Text 0 0 ,First,#,D:\Vinnemann.C\KOR1000\KOR1000.mdb\KOR1000\Punkte_KOR1000_BB,BETRIEB_NR,-1,-1,D:\Vinnemann.C\KOR1000\KOR1000.mdb\KOR1000\Punkte_KOR1000_BW,BETRIEB_NR,-1,-1,D:\Vinnemann.C\KOR1000\KOR1000.mdb\KOR1000\Punkte_KOR1000_BY,BETRIEB_NR,-1,-1,D:\Vinnemann.C\KOR1000\KOR1000.mdb\KOR1000\Punkte_KOR1000_HS,BETRIEB_NR,-1,-1,D:\Vinnemann.C\KOR1000\KOR1000.mdb\KOR1000\Punkte_KOR1000_LSA,BETRIEB_NR,-1,-1,D:\Vinnemann.C\KOR1000\KOR1000.mdb\KOR1000\Punkte_KOR1000_SH,BETRIEB_NR,-1,-1,D:\Vinnemann.C\KOR1000\KOR1000.mdb\KOR1000\Punkte_KOR1000_SL,BETRIEB_NR,-1,-1,D:\Vinnemann.C\KOR1000\KOR1000.mdb\KOR1000\Punkte_KOR1000_SN,BETRIEB_NR,-1,-1,D:\Vinnemann.C\KOR1000\KOR1000.mdb\KOR1000\Punkte_KOR1000_TH,BETRIEB_NR,-1,-1"</Process><Process Name="DeleteField_4" ToolSource="D:\ArcGIS\ArcToolbox\Toolboxes\Data Management Tools.tbx\DeleteField" Date="20060623" Time="104907">DeleteField D:\Vinnemann.C\KOR1000\KOR1000.mdb\KwB1000\KwB1000_Punkte BUNDESLAND;QUELLE;KE;KE_NAME;GRUPPE_ALT;BETRIEB_NAME;BETRIEB_NR D:\Vinnemann.C\KOR1000\KOR1000.mdb\KwB1000\KwB1000_Punkte</Process><Process Name="FeatureClassToFeatureClass_4" ToolSource="C:\Programme\ArcGIS\ArcToolbox\Toolboxes\Conversion Tools.tbx\FeatureClassToFeatureClass" Date="20080123" Time="132403">FeatureClassToFeatureClass D:\Vinnemann.C\BSK1000\1_Vorderseite\ArcGIS\KOR1000.mdb\KwB1000\KwB1000_Punkte D:\Vinnemann.C\BSK1000\4_eshop\shp Bodenschaetze_klein.shp "[KOR1000] = 1" "LEGENDE LEGENDE true true false 4 Long 0 0 ,First,#,D:\Vinnemann.C\BSK1000\1_Vorderseite\ArcGIS\KOR1000.mdb\KwB1000\KwB1000_Punkte,LEGENDE,-1,-1;KOR1000 KOR1000 true true false 4 Long 0 0 ,First,#,D:\Vinnemann.C\BSK1000\1_Vorderseite\ArcGIS\KOR1000.mdb\KwB1000\KwB1000_Punkte,KOR1000,-1,-1" # D:\Vinnemann.C\BSK1000\4_eshop\shp\Bodenschaetze_klein.shp</Process><Process Name="DeleteField_2" ToolSource="C:\Programme\ArcGIS\ArcToolbox\Toolboxes\Data Management Tools.tbx\DeleteField" Date="20080123" Time="135601">DeleteField D:\Vinnemann.C\BSK1000\4_eshop\shp\Bodenschaetze_klein.shp KOR1000 D:\Vinnemann.C\BSK1000\4_eshop\shp\Bodenschaetze_klein.shp</Process><Process Name="AddField_1" ToolSource="C:\Programme\ArcGIS\ArcToolbox\Toolboxes\Data Management Tools.tbx\AddField" Date="20080124" Time="110115">AddField D:\Vinnemann.C\BSK1000\4_eshop\shp\BodenschaetzePunkte.shp Bodenschat TEXT # # # # NON_NULLABLE NON_REQUIRED # D:\Vinnemann.C\BSK1000\4_eshop\shp\BodenschaetzePunkte.shp</Process></lineage></DataProperties><SyncDate>20080123</SyncDate><SyncTime>13240300</SyncTime><ModDate>20080123</ModDate><ModTime>13240300</ModTime></Esri><idinfo><native Sync="TRUE">Microsoft Windows XP Version 5.1 (Build 2600) Service Pack 2; ESRI ArcCatalog 9.2.2.1350</native><descript><langdata Sync="TRUE">de</langdata><abstract>REQUIRED: A brief narrative summary of the data set.</abstract><purpose>REQUIRED: A summary of the intentions with which the data set was developed.</purpose></descript><citation><citeinfo><origin>REQUIRED: The name of an organization or individual that developed the data set.</origin><pubdate>REQUIRED: The date when the data set is published or otherwise made available for release.</pubdate><title Sync="TRUE">Bodenschaetze_klein</title><ftname Sync="TRUE">Bodenschaetze_klein</ftname><geoform Sync="TRUE">vector digital data</geoform><onlink Sync="TRUE">\\PC1618\D$\Vinnemann.C\BSK1000\4_eshop\shp\Bodenschaetze_klein.shp</onlink></citeinfo></citation><timeperd><current>REQUIRED: The basis on which the time period of content information is determined.</current><timeinfo><sngdate><caldate>REQUIRED: The year (and optionally month, or month and day) for which the data set corresponds to the ground.</caldate></sngdate></timeinfo></timeperd><status><progress>REQUIRED: The state of the data set.</progress><update>REQUIRED: The frequency with which changes and additions are made to the data set after the initial data set is completed.</update></status><spdom><bounding><westbc Sync="TRUE">REQUIRED: Western-most coordinate of the limit of coverage expressed in longitude.</westbc><eastbc Sync="TRUE">REQUIRED: Eastern-most coordinate of the limit of coverage expressed in longitude.</eastbc><northbc Sync="TRUE">REQUIRED: Northern-most coordinate of the limit of coverage expressed in latitude.</northbc><southbc Sync="TRUE">REQUIRED: Southern-most coordinate of the limit of coverage expressed in latitude.</southbc></bounding></spdom><keywords><theme><themekt>REQUIRED: Reference to a formally registered thesaurus or a similar authoritative source of theme keywords.</themekt><themekey>REQUIRED: Common-use word or phrase used to describe the subject of the data set.</themekey></theme></keywords><accconst>REQUIRED: Restrictions and legal prerequisites for accessing the data set.</accconst><useconst>REQUIRED: Restrictions and legal prerequisites for using the data set after access is granted.</useconst><natvform Sync="TRUE">Shapefile</natvform></idinfo><dataIdInfo><envirDesc Sync="TRUE">Microsoft Windows XP Version 5.1 (Build 2600) Service Pack 2; ESRI ArcCatalog 9.2.2.1350</envirDesc><dataLang><languageCode Sync="TRUE" value="de"></languageCode></dataLang><idCitation><resTitle Sync="TRUE">Bodenschaetze_klein</resTitle><presForm><PresFormCd Sync="TRUE" value="005"></PresFormCd></presForm></idCitation><spatRpType><SpatRepTypCd Sync="TRUE" value="001"></SpatRepTypCd></spatRpType></dataIdInfo><metainfo><langmeta Sync="TRUE">de</langmeta><metstdn Sync="TRUE">FGDC Content Standards for Digital Geospatial Metadata</metstdn><metstdv Sync="TRUE">FGDC-STD-001-1998</metstdv><mettc Sync="TRUE">local time</mettc><metextns><onlink Sync="TRUE">http://www.esri.com/metadata/esriprof80.html</onlink><metprof Sync="TRUE">ESRI Metadata Profile</metprof></metextns><metc><cntinfo><cntorgp><cntper>REQUIRED: The person responsible for the metadata information.</cntper><cntorg>REQUIRED: The organization responsible for the metadata information.</cntorg></cntorgp><cntaddr><addrtype>REQUIRED: The mailing and/or physical address for the organization or individual.</addrtype><city>REQUIRED: The city of the address.</city><state>REQUIRED: The state or province of the address.</state><postal>REQUIRED: The ZIP or other postal code of the address.</postal></cntaddr><cntvoice>REQUIRED: The telephone number by which individuals can speak to the organization or individual.</cntvoice></cntinfo></metc><metd Sync="TRUE">20080123</metd></metainfo><mdLang><languageCode Sync="TRUE" value="de"></languageCode></mdLang><mdStanName Sync="TRUE">ISO 19115 Geographic Information - Metadata</mdStanName><mdStanVer Sync="TRUE">DIS_ESRI1.0</mdStanVer><mdChar><CharSetCd Sync="TRUE" value="004"></CharSetCd></mdChar><mdHrLv><ScopeCd Sync="TRUE" value="005"></ScopeCd></mdHrLv><mdHrLvName Sync="TRUE">dataset</mdHrLvName><distinfo><resdesc Sync="TRUE">Downloadable Data</resdesc><stdorder><digform><digtinfo><transize Sync="TRUE">0,000</transize><dssize Sync="TRUE">0,000</dssize></digtinfo></digform></stdorder></distinfo><distInfo><distributor><distorTran><onLineSrc><orDesc Sync="TRUE">002</orDesc><linkage Sync="TRUE">file://\\PC1618\D$\Vinnemann.C\BSK1000\4_eshop\shp\Bodenschaetze_klein.shp</linkage><protocol Sync="TRUE">Local Area Network</protocol></onLineSrc><transSize Sync="TRUE">0,000</transSize></distorTran><distorFormat><formatName Sync="TRUE">Shapefile</formatName></distorFormat></distributor></distInfo><spdoinfo><direct Sync="TRUE">Vector</direct><ptvctinf><esriterm Name="Bodenschaetze_klein"><efeatyp Sync="TRUE">Simple</efeatyp><efeageom Sync="TRUE">Point</efeageom><esritopo Sync="TRUE">FALSE</esritopo><efeacnt Sync="TRUE">0</efeacnt><spindex Sync="TRUE">FALSE</spindex><linrefer Sync="TRUE">FALSE</linrefer></esriterm><sdtsterm Name="Bodenschaetze_klein"><sdtstype Sync="TRUE">Entity point</sdtstype><ptvctcnt Sync="TRUE">0</ptvctcnt></sdtsterm></ptvctinf></spdoinfo><spref><horizsys><cordsysn><geogcsn Sync="TRUE">GCS_WGS_1984</geogcsn><projcsn Sync="TRUE">Lambert Conformal Conic</projcsn></cordsysn><planar><mapproj><mapprojn Sync="TRUE">Lambert Conformal Conic</mapprojn><lambertc><stdparll Sync="TRUE">48.666667</stdparll><stdparll Sync="TRUE">52.666667</stdparll><longcm Sync="TRUE">10.500000</longcm><latprjo Sync="TRUE">51.000000</latprjo><feast Sync="TRUE">0.000000</feast><fnorth Sync="TRUE">0.000000</fnorth></lambertc></mapproj><planci><plance Sync="TRUE">coordinate pair</plance><plandu Sync="TRUE">meters</plandu><coordrep><absres Sync="TRUE">0.000000</absres><ordres Sync="TRUE">0.000000</ordres></coordrep></planci></planar><geodetic><horizdn Sync="TRUE">D_WGS_1984</horizdn><ellips Sync="TRUE">WGS_1984</ellips><semiaxis Sync="TRUE">6378137.000000</semiaxis><denflat Sync="TRUE">298.257224</denflat></geodetic></horizsys></spref><refSysInfo><RefSystem><refSysID><identCode Sync="TRUE">Lambert Conformal Conic</identCode></refSysID></RefSystem></refSysInfo><spatRepInfo><VectSpatRep><topLvl><TopoLevCd Sync="TRUE" value="001"></TopoLevCd></topLvl><geometObjs Name="Bodenschaetze_klein"><geoObjTyp><GeoObjTypCd Sync="TRUE" value="004"></GeoObjTypCd></geoObjTyp><geoObjCnt Sync="TRUE">0</geoObjCnt></geometObjs></VectSpatRep></spatRepInfo><eainfo><detailed Name="Bodenschaetze_klein"><enttyp><enttypl Sync="TRUE">Bodenschaetze_klein</enttypl><enttypt Sync="TRUE">Feature Class</enttypt><enttypc Sync="TRUE">0</enttypc></enttyp><attr><attrlabl Sync="TRUE">FID</attrlabl><attalias Sync="TRUE">FID</attalias><attrtype Sync="TRUE">OID</attrtype><attwidth Sync="TRUE">4</attwidth><atprecis Sync="TRUE">0</atprecis><attscale Sync="TRUE">0</attscale><attrdef Sync="TRUE">Internal feature number.</attrdef><attrdefs Sync="TRUE">ESRI</attrdefs><attrdomv><udom Sync="TRUE">Sequential unique whole numbers that are automatically generated.</udom></attrdomv></attr><attr><attrlabl Sync="TRUE">Shape</attrlabl><attalias Sync="TRUE">Shape</attalias><attrtype Sync="TRUE">Geometry</attrtype><attwidth Sync="TRUE">0</attwidth><atprecis Sync="TRUE">0</atprecis><attscale Sync="TRUE">0</attscale><attrdef Sync="TRUE">Feature geometry.</attrdef><attrdefs Sync="TRUE">ESRI</attrdefs><attrdomv><udom Sync="TRUE">Coordinates defining the features.</udom></attrdomv></attr><attr><attrlabl Sync="TRUE">LEGENDE</attrlabl><attalias Sync="TRUE">LEGENDE</attalias><attrtype Sync="TRUE">Number</attrtype><attwidth Sync="TRUE">9</attwidth></attr><attr><attrlabl Sync="TRUE">KOR1000</attrlabl><attalias Sync="TRUE">KOR1000</attalias><attrtype Sync="TRUE">Number</attrtype><attwidth Sync="TRUE">9</attwidth></attr></detailed></eainfo><mdDateSt Sync="TRUE">20080123</mdDateSt></metadata>
